text,label
earthquak leav 4 300 dead turkey syria peopl lost entir famili,positif
god pleas help sad,positif
alkhidmat foundat pakistan collabor turkish partner organ respond ground,neutral
syria voic,neutral
may allah protect turkey syria,positif
prayer turkey syria lebanon may allah help protect effect merci everyon,positif
heartbreak news turkey sriya power earthquak hit stay safe everyon,positif
hazrat ayesha ra said power 7 8 cypru,neutral
turkey,neutral
earthquak leav 4 300 dead turkey syria,positif
heart soul peopl turkey,neutral
help arriv happi must feel,positif
word mani peopl die even warn,negatif
press releas jamaah ansharu syariah massiv earthquak disast turkey syria,negatif
death toll turkey earthquak reach 2921 number injur 15 834 turkey emerg servic number death syria 1451 number injur 3531,positif
countri promptli part sent assist ndrf search rescu team rs chairman jagdeep dhankhar tragic earthquak turkey syria,negatif
sad hear 4 300 peopl lost live due earthquak happen turkey syria thought prayer go everyon tough lose love one,positif
may allah protect turkey syria,positif
pray turkey syria,positif
ya allah reham peopl may allah protect muslim brother sister,positif
turkey declar level 4 state alert mean intern call help current 1 usd 18 83 tri 1 eur 20 18 tri even slightest help huge impact need help matter big littl pleas help turkey,negatif
may allah protect turkey syria,positif
pray turkey syria lebanon,positif
earthquak measur 7 0 richter scale strike eastern turkey stay safe everyon,neutral
news near region may allah keep everi one safe protect world ameen,neutral
next step take action put system place respond impact experienc today prepar uncertain tomorrow,positif
pleas help,neutral
good morn hope team,positif
clip rescu work turkey earthquak,positif
purpl foundat extend heartfelt condol solidar govern peopl turkey syria aftermath devast earthquak tragic loss life,neutral
heart go peopl affect devast earthquak turkey loss life damag commun tragic send love support need hope swift recoveri,positif
aftershock follow deadli earthquak turkey syria continu sever day sever week mayb even sever month say expert,neutral
hour sinc terribl earthquak countri thousand peopl rubbl govern author help us silenc us whole world hear voic help,positif
heartbreak moment rescu child without famili,negatif
want save peopl,neutral
turkey rescu worker struggl death toll pass 4400 earthquak,negatif
massiv destruct turkey syria,negatif
aftershock,neutral
afghanistan pakistan india china could next meet 5 8 magnitud earthquak india epicent may allah almighti protect,positif
unfortun peopl suffer die solut avoid climat catastroph,negatif
due terribl earthquak turkey sham 2000 peopl die far tri difficult time turkey,negatif
may allah help protect,positif
begin,neutral
ya allah reham turkey syria,positif
heartbreak moment rescu child without famili,negatif
may allah merci prayer turkey countri affect,positif
prayer victim express deepest sympathi famili victim,positif
pray turkey,positif
prayer turkey syria,positif
video devast turkey,neutral
way start day alhamdulilah,neutral
due aftershock build fall morn turkey,neutral
thought prayer peopl deep condol famili victim sincer wish speedi recoveri injur,positif
dog call peopl help owner trap rubbl,positif
send love prayer affect devast,negatif
guess send help israel countri syrian govern activ fight sinc found,positif
rescu team fli,neutral
ya allaha help brother sister need,positif
human,neutral
still honor opposit group take initi break sieg syria syrian,negatif
thousanda peopl die sleep sever earthquak turkey nearbi area earthquak struck around 4 30 hour earli morn mani multi stori apart fell like pack card harsh winter peopl could find shelter protect,negatif
earthquak thought prayer turkey syria lebanon jordan place affect ya allah reham,positif
went gap tour took pic front castl serious devest,neutral
need help alreadi go god,positif
may allah protect turkey syria,positif
one oldest mosqu turkey fall 7 8 magnitud earthquak hit countri today built 1894 fell today,neutral
pray turkey syria,positif
destruct earthquak turkey syria death toll exceed 3 800,negatif
total chao multipl build continu fall peopl continu run panic,negatif
ya allah kareem forgiv us sin,positif
true power 7 8 cypru,neutral
prayer turkey syria lebanon jordan iraq palestin affect place,positif
thousand aid volunt flock airport,neutral
one stori qasem sister wreckag 5 floor build 1 5 day got bodi kid husband buri pregnant twin,neutral
italian air forc loche c 130j reg mm62189 back adana italian aircraft carri team 50 rescuer sever search dog search rescu equip,neutral
video allah help us mani brother know famili see heartbreak account ummah welfar trust staff insid mani women children remain unaccount,neutral
23 million peopl could affect massiv earthquak kill thousand turkey syria world health organ warn tuesday,positif
anoth 7 5 magnitud earthquak turkey prayer brother sister allah protect us,positif
7 7 magnitud earthquak pazarc k district kahramanmara 7 6 magnitud elbistan district team continu work uninterruptedli,neutral
oh god pleas kind yet anoth earthquak strike,positif
watch rescu team seen rejoic rescu children aliv,positif
help hand affect earthquak ravag turkey offer medic aid essenti suppli stand unit turkish peopl,positif
updat devast earthquak turkey,neutral
met wonder peopl today worst circumst stori hope loss sadli,negatif
peopl pakistan express deepest condol sympathi peopl republ turkiy calam,neutral
photo ndrf reach earthquak hit turkey india pledg quick aid,positif
stand affect work provid support road recoveri start clear understand situationteam rubicon assess team way turkey syria earthquak,positif
fact check old video wrongli share footag quak,positif
difficult feel like care us,positif
actual rather genuin intl solidar action friend commerci donat campaign believ well human right peopl regardless,positif
oper dost india send ton relief aid imag courtesi,neutral
readi support ngo help victim earthquak organis could benefit free access paediatr expert pleas regist use app,positif
japan chariti send rescuer aid quak hit turkey syria,neutral
rescu medic team help victim,positif
hizbullah jamaah call solidar earthquak affect peopl,neutral
twitter turkey avail shut caus pe,positif
turkish goalkeep ahmet eyup turkaslan pass away earthquak may allah swt grant jannah depart soul aameen rip,positif
internet access block pleas help lot peopl build,neutral
babi born earthquak rubbl name miracl hospit,neutral
dear thank condol kind word sympathi rkiy,positif
moment woman save catastroph earthquak hit turkey syria,positif
absolut devast damag destruct caus peopl lost live lost love one thought prayer,negatif
thought prayer turkey syria lebanon,positif
send thought prayer peopl turkey syria affect earthquak may find comfort know world stand difficult time,neutral
pray thailand,positif
break turkey syria earthquak death toll pass 15 000 break earthquak death toll turkey 12 391 3 486 dead syria,negatif
indian nation disast respons forc team reach commenc search rescu oper,positif
need electr stove coal stove earthquak zone need intern support,positif
kind power pleas donat,positif
ye donat kind power pleas donat,positif
realli hard time day help want pleas contact,positif
mani disast zone slept car street blanket freez cold,neutral
terribl turkey syria help donat directli help provid shelter aid,positif
kid need red suit turkey watch watch turkey,neutral
spine chill visual catastroph wreckag caus megadisast turkey,neutral
turkey earthquak top 5 heartbreak imag aftermath,negatif
help turkey donat reput ngo spread word pleas,positif
mother six year old daughter rescu aliv overnight collaps hous turk,neutral
world leav us alon turkish nation leav anyon alon leav us alon,neutral
pleas give part exampl field help victim thank,positif
arriv emden str find everyon help pack bring stuff one happiest moment,positif
thank take action share,positif
pleas help syria rkiy time wait earthquak victim shiver cold hunger fear,negatif
jesu number stagger,positif
late father oversaw logist intern rescu oper 1970 ancash earthquak 70k die int l militari airlift airdrop suppli recu worker way access explor angl,negatif
dutch research suggest indian subcontin next line,neutral
time one heart,neutral
surpris grow anger turkey especi citizen told build earthquak proof time tell actual meet reg whether reg could withstand 7 8 magnitud,negatif
aerial view destruct caus multipl power earthquak turkey syria death count surpass 12 000,negatif
turkish celebr scholar region came help pakistan time flood summer 2022 pakistani scholar media celebr care go turkey contribut effort relief rescu,positif
addit humanitarian aid greec turkey due transfer a320 sx dvn flight aee4992 aee4996 schedul aee4998 aee4982,neutral
dear affect also badli affect seen u mention,positif
turkish woman hug woman offic indian armi give peck earthquak affect area turkey indian armi deploy disast relief team armi field hospit help victim earthquak,positif
everi member rescu team must get 2 3 month work paid therapi hero save live toll pay massiv recognis,positif
yesterday sent first grid innov purif system help sever shortag drink water disast area warm coat blanket sleep bag also way,positif
father tri break remov debri bare hand order search trap famili shout say someth girl make nois receiv repli,positif
money earn donat peopl turkey,neutral
unfortun 14 351 peopl lost live 63 794 peopl still injur also rescu team consist 115 688 peopl continu work field tirelessli,negatif
share messag,positif
look local turkish organ channel relief donat former doctor student colleagu recommend,positif
rare view greec wish could enjoy listen harrow report suffer neighbor turkey aid ration turk first syrian women children turn away,positif
thought go peopl cope terribl tragedi us send love support,positif
earthquak death surpass 19 000 survivor struggl stay warm fed,negatif
humanitarian aid republ reject turkey,negatif
look local turkish ngo channel donat reliabl trust organis ground spearhead civil rescu relief effort pleas consid donat,positif
send love strength team,positif
babi save rescu team,positif
rescuer pull 10 year old child rubbl 65 hour earthquak turkey hatay,neutral
turkish quak survivor face big freez car tent,positif
2 februari 9 2023 20 50 17134 peopl lost live 70347 peopl injur,negatif
turkey earthquak live updat break news coverag,neutral
uae aid plane airlift relief suppli quak affect peopl syria turkiy,positif
earthquak relief donat turkey syria today friday last day,positif
us announc usd 85 mn humanitarian aid earthquak hit turkey syria read stori,neutral
6 year old girl rescu rubbl indian team turkey gujarat tak,neutral
number peopl lost live increas 18 342 number peopl increas 74 242,negatif
capac govt donat pleas els keep silent super rich politician donat forc educ institut rais fund chain effect,positif
cat rescu rubbl rescuer sometim miracl happen,neutral
share photograph worth 10 like,positif
dear friend follow around world countri face huge disast caus one two earthquak 7 8 7 6 hit singl day among biggest deadliest one world sinc 1950,neutral
get well soon turkey written electr board istanbul airport,positif
jamaat prayer mosqu turkey earthquak,positif
faizan qureshi interview kamran ashraf bhat media cinema research istanbul detail interview current situat rescu oper carri devast area discuss full,neutral
shortag food basic amen post earthquak ndtv tanushre pandey report ground zero kahramanmara,neutral
thank world,positif
match stand turkey time crisi heart go affect recent earthquak let support heroic effort respond make differ donat,neutral
born live miracl rescu 2 year old found aliv rubbl turkey via,neutral
pictur earth show earthquak occur today,positif
help turkey earthquak disast occur turkey urgent lack tent support countri pleas support turkey tent help turkey,positif
thank rafael mean lot,positif
pray turkiy syria lebanon,positif
chines rescu dog team turkey rescu,positif
pregnant woman trap rubbl rescu 115 hour nurda district southern gaziantep provinc,positif
care compass human,negatif
turkey stop contractor build collaps due earthquak tri travel,negatif
still shock realli need,positif
magnitud disast beyond imagin southeast part turkey sent today dog cat food 1st help anim need see els upcom day,positif
allah test love,positif
lot back n forth relief good perhap would better help citizen say,negatif
death toll tragic earthquak turkiy surpass 20 000,negatif
safe app donat quak hit area drink water instant can food babi diaper feminin hygien product especi report need whatev pitch much good,positif
humanitarian suppli sent embassi turkey georgia parliament georgia continu support earthquak victim stand turkey,positif
dog cat lost owner earthquak turkey found insepar,positif
info yet indian trap earthquak hit turkey say envoy,negatif
seek help save live impact earthquak turkey syria donat visi,neutral
citizen caught car second earthquak turkey,neutral
scari go tri pass time,positif
brave daughter two nation nasreen 13 year young came debri 72 hour lost 3 member famili pose doctor maj beena tiwari indian armi 60 para field hospit iskenderun,negatif
heart goe peopl turkey devast earthquak stand turkish nation difficult time pray quick recoveri affect peopl pakistan,positif
help needi peopl turkiy onlin donat visit gnrf garib nawaz relief,positif
pakistani govern dispatch anoth shipment relief good turkey,neutral
donat turkey,positif
everton footbal club liverpool footbal club come togeth support victim devast earthquak turkey syria,neutral
us eu elit alway promis back never,neutral
09 02 23 mani nation direct search rescu team turkey sourc spokesp,neutral
miracl babi pull rubbl 6th day rescu oper turkey 7 8 7 6 twin earthquak hit countri,positif
ukrainian presid volodymyr zelenski visit embassi republ turkey ukrain paid tribut victim earthquak turkey,positif
let help togeth peopl difficult situat earthquak send aid crypto link necessari inform,positif
indian nation went miss massiv found dead rubbl,negatif
heartfelt condol prayer famili victim,positif
turkey syria earthquak death toll reach 23 700,negatif
almost die rescu effort thank good good hero,positif
sorri sorri pleas forgiv fault brother tri save three,positif
latest death toll week earthquak pass 25 000 accord data countri video,negatif
donat,neutral
earthquak rescu slow turkey hope find peopl aliv fade,negatif
anonym businessman pakistan donat 30m earthquak victim turkey syria,negatif
7 8 magnitud earthquak rock turkey syria kill least 25 000,neutral
c 17 globemast aircraft indian air forc left turkey syria relief materi,positif
nahar volunt ground turkey distribut emerg food water medicin pleas donat gener,positif
child surviv 5 day 120 hour without breastf,neutral
turkey lof money erdogan must help peopl,positif
break 2 month old infant rescu aliv turkey 3 day buri rubbl,neutral
turkey earthquak 2023,neutral
emerg appeal may allah bless accept,positif
turkish peopl stay strong,positif
drone china use save peopl life west countri use kill peopl,neutral
pleas someon explain miracl kid manag surviv 130 hour without water food cold weather,positif
ministri trade director gener custom turkey confin good sent foreign nation use affect area eq exempt custom duti provid sent gov institut public interest organ tax exempt org,positif
let world know syrian die twice rubbl earthquak rule assad let histori write unit nation human right turn blind eye suffer syrian,negatif
help brother sister like one bodi one part bodi hurt feel,positif
dog say put damn camera help us,positif
turkey earthquak,neutral
earthquak death toll surpass 28 000 turkey syria,negatif
turkey syria rescu continu death toll near 26 000 salut peopl work continu rescu peopl rubbl whole world pray may allah w help turkish syrian peopl,positif
life dead place memori live,negatif
heart continu ach horrif tragedi unfold deadli earthquak turkey syria,negatif
drone china provid light rescu scene cr logo,positif
alway brother,positif
world wake turkish barbar state enough enough,negatif
pleas donat,positif
turkey quak presid erdogan accept problem respons,neutral
addit team rescuer land turkey morn brave harsh freez weather condit wast time alreadi begun crucial task,positif
sri lankan femal die earthquak turkey identifi,neutral
toll cross 28 000,neutral
extend deepest sympathi peopl turkey affect devast earthquak thought prayer difficult time,negatif
prayer turkey syria earthquak victim,positif
global updat turkey crack develop build toppl earthquak,neutral
refus come hijab,positif
death toll rise 33 179 29 605 3 574 earthquak shown import decentralis disast manag central plan odisha implement decentralis cyclon respons plan work well,negatif
pakistan armi sar team continu rescu oper turkey great job turkish brother,positif
noth go alway someth go crazi world,negatif
heartbroken hear devast earthquak turkey send love support affect stay strong,positif
turkey arrest build contractor earthquak death toll pass 33 000 via,negatif
break news earthquak magnitud 4 7 occur 24 km south south east sse kahramanmara turkey usg earthquak,negatif
within next 42hr christian atsu locat,neutral
anonym pakistani donor donat 30 million victim,neutral
word describ much broken depress hard handl wholeheart,negatif
earthquak magnitud 4 7 strike turkey,negatif
help turkey syrian earthquak imedi appeal paypal fundrais everi littl bit help,positif
widespread influenc earthquak turkey heartbreak see prayer affect,negatif
earthquak victim turkey syria need help donat red cross canada,positif
turkey syria earthquak death toll surpass 33 000,neutral
turkey earthquak buri aliv newborn son,positif
littl girl rescu rubbl 150 hour turkish health ministri,positif
one week fight rubl greek rescu team return home last night one state would done countri left back legaci solidar love year come,positif
pray turkiy syria,positif
miracul rescu two month old babi rescu rubbl collaps build 128 hour 5 day turkey babi surviv deadli disast immedi taken hospit medic check wish good health,positif
sadaqa life let sadaqa ul fitr heal wound brother,negatif
death toll turkey syria earthquak rose 33 179 92 600 injur,neutral
russian militari activ help syria hit terribl earthquak,positif
pray turkey syria,positif
turkey quak justic offici investig build contractor,positif
29500 die highli affect 2 mass grave 6000 bodi buri till mani debri let pray,negatif
5 year old stuck rubbl 5 day ask feel hungri thirsti rubbl repli person white cloth would come occasion feed give water,neutral
pray turkey,positif
fed angel babi surviv 128 hr rubbl turkey,positif
video taken moment earthquak turkey,negatif
one minut silenc earthquak victim turkey syria pakistan rememb,negatif
govt turkiy request pakistan send aid quak victim,positif
heartbreak news come turkey major earthquak strike countri send love support affect tragedi stay safe everyon,negatif
one greatest rescu mission done pakistani arm forc,positif
earthquak turkey brought uncertainti passag across strait may affect price trend bulk commod stabl oper intern industri chain suppli chain,negatif
experienc disast,negatif
donat particip earthquak aid campaign afad foreign bank account,neutral
miracul rescu 5 year old ara 105 hour buri rubbl devast earthquak turkey,positif
bodi uttarakhand person brought state turkey cremat,neutral
miracl rescu 10 year girl 13 year boy two women save 183 hour turkey,positif
young girl rescu rubbl turkey 178 hour quak,positif
send anoth aid consign quak hit turkey death toll top 35 000,negatif
courag salut report,positif
everi nation busi help shout forget anoth countri ala world selfish,negatif
turkey syria earthquak rescu oper enter final phase pray wholeheartedli survivor everyon affect earthquak,positif
testament peopl turkey syria work tirelessli everi minut save live,positif
tragedi end tearsnupd death toll earthquak goe past 37 000,negatif
sister child lost mother,negatif
35 k peopl die far turkey massiv natur disast rest peac depart soul,neutral
worker taken hell,negatif
devast earthquak strike turkey syria leav trail destruct loss,negatif
turkish girl save spend 178 hour rubbl,positif
dear world syrian turkish need help help msf unicef wfp other provid food,positif
look expert field crisi manag disast recoveri support us time need will share us expertis pleas dm us detail pleas connect,positif
anonym walk turkish embassi us donat 30 million earthquak survivor,positif
15 year old syrian girl 65 year old father pull aliv rubbl turkey antakya trap nearli 9 day,negatif
slew fake campaign scam peopl ask donat help victim turkey syria full bulletin,negatif
tale two presid one cri one laugh,negatif
cat hug dog earthquak turkey save debri,positif
heart impact devast earthquak turkey challeng time crucial support one anoth binari studio proud help 7 famili affect disast,negatif
recent left thousand peopl need basic necess includ cloth bless opportun pack donat cloth sleep bag affect disast,positif
turkey presid respons,positif
thought prayer turkey,positif
turkey reduc popul densiti capit reduc loss,negatif
turkey earthquak live rescu oper,positif
big respect two turkish nurs earthquak stay strong care new born babi save,positif
scammer profit turkey syria earthquak visit,positif
turkey earthquak heartbreak aerial footag,negatif
big salut rescuer doctor volunt real hero,positif
situat crise dog alway give peopl lesson loyal dog tri save nanni teach us import lesson life unpredict noth perman humbl respect kind,positif
shame atleast think post advertis disast,negatif
m7 8 earthquak turkey syria work natur,negatif
earthquak rkiy left million peopl homeless dire need nourish help share resourc amount go long way,positif
24 hour 10 countri withdrew ambassador epicent line thousand earthquak turkish secret servic investig possibl crimin intervent,negatif
month back reject wheat say bad qualiti today eat total free,negatif
muslim earthquak woken made start pray salah miss point,positif
help turkey,positif
would help die children turkey,negatif
worri everyth go fine time heal,negatif
may allah help earthquak victim turkey syria bestow special merci,positif
turkiy rise help allah,positif
pm shahbaz sharif leav quak stricken rkiy two day visit,negatif
rich contin team stand earthquak victim set wallet help famili damag homeless earthquak donat collect transfer non government organ,positif
natur bird give danger bell,negatif
realli shame us children wish die get relief cold anyth pleas help,positif
sanjay gupta ride helicopt deliv aid turkey earthquak,negatif
india send lesser aid syria turkey,negatif
heart goe peopl turkey,negatif
may angel never go far involv turkey disast amin,negatif
killer compani cengiz hold donat turkey read,negatif
allah,negatif
peopl still aliv crumbl build pleas pleas pleas send drone send dog send machin pleas send,positif
everyon donat think turkey forget syria,negatif
turkey death toll exce 42 000,negatif
baghdad sent three new relief plane friday gaziantep turkey follow devast earthquak 6 februari iraqi premier muhammad al sudani vow keep send aid turkey syria,negatif
al mustafa hospit thalassemia unit requir blood donat retain live special kid,positif
prime minist meet earthquak victim adiyaman,negatif
wish photo made artifici intellig ten citi turkey current experienc realiti,positif
human embrac,negatif
numb eye frozen singl tear fallen tear flow inward burn chest rib mind process tragedi 10 day,negatif
return rescu search oper turkish peopl greet,positif
loss life properti turkiy syria truli devast help griev peopl donat prime minist relief fund bank punjab,negatif
turkey death toll rise 39 000 earthquak,negatif
thank memor moment share us sorri tragic end good heart,positif
lifeless bodi christian atsu found rubbl condol famili love one,positif
rip legend,negatif
thought prayer atsu famili friend,positif
honor sudanes rescu team hous consul turkey particip chairman board director novella compani,positif
antakya,negatif
tribut pour news ex chelsea newcastl player tragic demis,negatif
goal sad day,negatif
memori die earthquak,negatif
ghana christian atsu found dead turkey earthquak,negatif
tragic loss footbal world ghanaian player christian atsu found dead rubbl turkey earthquak,negatif
let stand togeth support difficult period stay strong take care,positif
13 day 296 hour devast earthquak turkey rescuer continu find peopl aliv search rubbl absolut miracul,negatif
may allah swt grant deceas earthquak jannatul firdaw number look like exceed 50 000 inna lilah wa ina ilayhi raji un,positif
subhan allah syrian brother rescu 13 day rubbl water first request may allah help,positif
christian atsu famili newcastl unit game brought tear 2 think famili friend teammat difficult time,positif
wan na cri thought dead also thought famili make listen convers brother,negatif
death toll rise 40 642 author time rescuer continu get peopl rubbl manag get 45 year old man aliv spent 278 hour heap concret 11 day,negatif
41000 dead respons need held account,negatif
word big enough describ grief pain cri father found children cloth rubbl earthquak,negatif
much love turkey,positif
rest peac champ,positif
dutch research predict would hit region highlight almost exact precis epicent quak would soon strike,negatif
rip hero,negatif
rip christian atsu 31 year old,negatif
love air,positif
earthquak death toll surpass 46 000 syria turkey via,negatif
dad reunit 4 year old daughter separ,negatif
true exampl pet choos parent,positif
ghananian found dead rubbl home almost 2 week earthquak previous play newcastl allah belong return,negatif
rip atsu rest peac,positif
bless,positif
turkiy syriya need prayer eshel murad,negatif
deploy sever captur imag quak hit area help countri better analyz situat alloc relief resourc accord industri newspap china news,positif
heartbreak,negatif
46 000 peopl kill earthquak struck rkiy syria toll expect soar 264 000 apart rkiy destroy mani still miss countri worst modern disast,negatif
respons formid aid plane take almost daili help search rescu medic treatment rehabilit,positif
accus if death intent could save atsu intern left die question bongo fake news,negatif
chindi choor shameless,negatif
ndrf rescuer deploy rkiy wind exert tremend effort contribut toward mitig coloss tragedi caus,negatif
pakistani govern pack relief good sent turkey flood victim sent back turkey earthquak victim famou quot come one countri produc mani rectum,negatif
thank good rescuer,positif
miracl babi,positif
rest peac ghanian legendari footbal,positif
cloth item everyday essenti need,negatif
pleas pray morn still much pain loss devast indescrib rebuild year,negatif
may god merci soul lost one whole famili name complet wipe,positif
turkish actor rais 6 1 billion earthquak victim famou turkish actor rais 6 billion earthquak victim turkey syria live telethon collect donat mashaallah,negatif
footbal christian atsu found rubbl home almost two week 7 8 magnitud earthquak hit turkey syria agent confirm,negatif
may find peac midst tragedi may memori lost sourc comfort strength day come deepest sympathi,positif
glad express love publicli often wife famili like ladi appear claim,positif
farewel christian atsu legend,negatif
unit state provid addit 100 million dollar earthquak respons turkey syria u state depart said sunday ad 85 million previous approv,positif
turkey aftermath earthquak focu europ via,negatif
act god caus earthquak turkey murder corrupt caus mani death constanz letsch,negatif
turkey earthquak challeng erdogan ahead elect via,positif
pray syria,positif
metallica foundat donat 250 000 aid victim massiv earthquak turkey syria,negatif
nasa send heartbeat detect finder help turkey earthquak recoveri effort,positif
secretari state blinken tour devast earthquak turkey,negatif
stupid system 1 countri block countri sweden finland join allianc countri hit earthquak probabl got help 2 countri boycot shame leader,negatif
pray peopl,positif
turkey end search rescu oper nearli two week huge earthquak kill ten thousand peopl countri disast manag author said,negatif
hope wrong think recent earthquak turkey hmm,negatif
icymi turkish airlin chang logo especi across social media platform mourn famili lost love one earthquak devast turkey syria,negatif
45 000 peopl report dead due recent deadli earthquak hit countri turkey syria come heel corona viru scare 2020 anoth report axi euphrat river also rep,negatif
blinken tour earthquak zone turkey unveil 100 million aid,negatif
thank continu support victim turkey syria,positif
dear cousin nurdan husband talat lost live great earthquak turkey remain unforgotten,positif
death toll devast earthquak southeastern exceed 41 000 turkey emerg manag agenc,negatif
sad news christian atsu die age 31 bodi found 12 day devast earthquak turkey agent manag confirm former premier leagu footbal play newcastl chelsea went miss follow devast earthquak turkey,negatif
director aftersun charlott well tear honour turkey earthquak victim accept bafta award,positif
italian actor director writer playwright ascanio celestini invit support earthquak victim donat heyva sor kurdistan thank support,positif
turkey announc search rescu effort complet earthquak zone except southern kahramanmara hatay provinc death toll increas,positif
one turkey earthquak victim,negatif
devast earthquak kill 46 000 peopl across turkey syria past two week one worst disast recent histori,negatif
fight god peopl save god also keep busi turkey earthquak,positif
46 400 peopl die across syria turkey sinc earthquak nearli two week ago offici said final day search rescu oper emerg worker manag extract hand peopl rubbl aliv,negatif
coupl miracul pull turkey earthquak rubbl 12 day,negatif
remain former black star player christian atsu final arriv kotoka intern airport ghana remain found twelv day turkish author recent earthquak occur turkey,negatif
senat accus wef engin turkey earthquak erdogan upset klau schwab news punch,negatif
break earth crust turkish provinc hatay aftermath earthquak turkey,negatif
turkey earthquak survivor still rescu death toll pass 46 000 via,negatif
soccer star found dead mani still miss turkey earthquak rubbl,negatif
great man fallen great footbal gone mourn strong,positif
earthquak aftershock felt kahramanmara gaziantep turkey,negatif
m4 1 strike 24 km 2 min ago info,negatif
turkey end earthquak defens blanken pledg fresh us aid,positif
turkey earthquak red balloon place rubbl honour child victim releas singl 99 red balloon proce go victim countri,negatif
artemi vision express sincer condol deepest sympathi syria turkey loss thousand innoc live larg scale destruct wrought ruthless earthquak,positif
hi could help turkish man led larg scale fundrais effort ballina help assist earthquak relief effort turkey syria travel mar 7th non perish good bring given addit allow,positif
earthquak death toll turkey syria pass 46 000 desper sign life grow,negatif
first group ukrainian rescuer return turkey week emerg worker help turkish colleagu search peopl rubbl elimin consequ earthquak welcom home guy,positif
turkey earthquak corrupt misrul made deadlier turkish presid recep tayyip erdogan hollow state institut place loyalist key posit enrich croni pave way tragedi,negatif
turkey halt rescu effort earthquak survivor cnn,positif
strang haarp cloud syria turkey earthquak,negatif
build made turkey syria earthquak deadli arac l yla,negatif
white hous pledg 100m earthquak aid turkey syria hill,negatif
1 hospit northern hundr children lie alon survivor famili follow devast hit one heart tell yet lost entir famili,negatif
sec antoni blinken visit hardest hit area turkey follow deadli earthquak,negatif
search rescu team hard work turkey syria earthquak survivor still pull rubbl ogb medic director spoke effect winter temperatur trauma patient,negatif
turkey halt rescu effort earthquak survivor,positif
us secretari state say provid longer term help seek rebuild follow month,positif
curiou illeg cross still cross gotten vax countri know american drop like fli seem like replac heard peopl turkey head earthquak,positif
midst turkey recent earthquak search rescu team discov 2 million cash belong one earthquak victim money deliv author,positif
4 1 magnitud 24 km gaziantep turkey,negatif
regul capit one biggest driver human progress unregul capit lead bank real estat failur like 2008 earthquak cal live kill dozen turkey kill ten thousand lack gov ref build code,negatif
charli hebdo make fun dead turkey earthquak via,negatif
well glad least earthquak turkey genuin epicent wait,positif
romanian senat claim turkey earthquak caus geolog weapon part mass genocid agenda,negatif
februari 3 2023 massiv earthquak struck turkey syria unit state plan ad 100 million dollar previous 85 million alreadi given presid biden plan split money refuge humanitarian support,positif
develop u secretari state antoni blinken arriv southern turkey sunday set tour earthquak disast zone accompani turkish foreign minist,negatif
u secretari state antoni blinken arriv southern turkey sunday set tour earthquak disast zone accompani turkish foreign minist,negatif
magnitudo 4 1 24 km nne nurda turkey 14 minut 30 second ago,negatif
turkey wind earthquak survivor rescu phase,positif
u secretari state antoni blinken taken helicopt tour one provinc worst affect feb 6 earthquak southern turkey northern syria pledg 100 million disast aid help region,negatif
read 3 earthquak expert predict 80 chanc istanbul 7 quak next decad doubt turkey follow anti seismic norm build well japan,negatif
turkey quak rescu effort earthquak survivor wound,positif
hard time understood well differ separ human be noth compar similar,positif
sad even may allah grant etern rest,negatif
misinform recent earthquak turkey like rest trash post blatant misinform clearli establish veget growth lip insid real fissur,positif
turkey earthquak red balloon place rubbl honour child victim bbc news,positif
piec well worth read detail failur build regul turkey highlight ingenu architect engin help design construct safer structur,positif
earthquak turkey 19 death among moroccan nation embassi,negatif
would stronger point actual unregul capit 2008 like l crisi happen one regul industri also turkey build code mani meant focu earthquak exactli like also corrupt,positif
pass tinfoil hat conspiraci theori 1997 mel gibson julia robert video courtesi watch end xo,negatif
proud ethiopian airlin arriv gazantep today sever support group support earthquak disast turkey friend partner thank,positif
two week 7 8 magnitud earthquak hit turkey rescu oper countri call hope find survivor dim,positif
turkey halt rescu effort earthquak survivor,positif
christian atsu found dead rubbl build live follow turkey earthquak,negatif
sorrow heart announc mortal remain christian atsu flown ghana perceiv offic kotoka intern airport atsu die turkeyearthquak claim live,negatif
build made turkey syria earthquak deadli via,negatif
46 000 peopl kill earthquak struck turkey syria toll expect soar,negatif
messag young peopl light 2023 earthquak turkey syria except ye repent ye shall likewis perish luke 13 nahum 1 listen messag follow link,negatif
million peopl turkey remain need food shelter electr toilet almost two week devast earthquak turkish govern scrambl meet herculean challeng hous,negatif
follow deadli earthquak ravag much turkey remain jew antakya eight famili flown istanbul stay jewish nurs home,negatif
thousand turkish fan admir share anyth let alon help earthquak disast befel turkey time hurt love ronaldo heyyy,negatif
think thing prevent turkey earthquak proof infrastructur regul amaz,positif
earthquak turkey time knowledg countri still oil gold antiqu kill innoc peopl steal crop seed bank grow food,negatif
diseas spread turkey earthquak zone,negatif
turkey end rescu effort two earthquak hit provinc,positif
respect grief feyda doveli die earthquak turkey hope famili friend find comfort heart keep go path best way possibl death end know much person miss earth plane,negatif
southeast turkey close border syria 7 8 moment magnitud earthquak occur last februari 6 sensor around world detect seismic wave earthquak result catastroph consequ,negatif
great see volunt collabor variou global chapter serv human,positif
thing realli worri sf big one might hit turkey syria observ hundr year earthquak move back ca concern amount peopl tax would taken paycheck,negatif
turkey state ignor warn say engin architect beyond bulli coward erdogan complain architect done journalist made turkiy world lead jailer,negatif
white hous pledg 100m earthquak aid turkey syria noth peopl east palestin oh wait presid trump mayb get help deserv,positif
world central kitchen founder jose andr talk relief effort follow earthquak turkey syria,positif
intern commun talk turkey n syria support earthquak victim long ukrain n russian war continu one medit end war,negatif
million peopl turkey remain need food shelter electr toilet almost two week devast earthquak turkish govern scrambl meet herculean challeng hous,negatif
woman miracul pull aliv rubbl 12 day buri ruin turkey earthquak world news sun 19 feb 22 10 utc,negatif
50 000 die far need support wish fund use rehabilit reconstruct manufactur weapon,positif
turkey quak rescu effort earthquak survivor wound,positif
earthquak turkey one deadliest centuri egypt independ,negatif
fascin graph great economist articl turkey earthquak poorer area suffer 3 5 time damag richer area thing natur disast,negatif
turkish media turn isra search rescu team came turkey earthquak smuggl histor manuscript torah israel,positif
turkey earthquak damag famou g bekli tepe site archaeologist say,positif
turkey said rescu effort follow last week devast earthquak end two provinc visit us secretari state antoni blinken announc 100 million fresh humanitarian aid,positif
almost half 46 000 peopl kill turkey syria earthquak die one provinc,negatif
blinken tour turkey earthquak zone pledg 100 million u aid npr,negatif
earthquak split turkey open,negatif
surround children earthquak volunt turkish girl surpris cake candl friday celebr fifth birthday us send addit 100m earthquak aid turkey syria,positif
whre earthquakechildren turkey sect withdraw hand children expect healti transpar explan earthquak children ask eartquak children safe,positif
300 km lik yerkesi hatt nda meydana gelen mara depremi turkey earthquak tore 300 kilometr ruptur earth surfac,negatif
christian atsu found dead turkey earthquak,negatif
turkey halt rescu effort earthquak survivor cnn,positif
blinken arriv tour turkey earthquak zone,negatif
turkey experienc huge earthquak disast 40 000 peopl die number grow rapidli pleas start big chariti campaign twitter peopl turkey,negatif
turkey syria earthquak rip huge chasm oliv fiel via could air strike,positif
stop via blinken tour turkey earthquak zone pledg 100 million u aid,negatif
help peopl distress pleas like share sell earthquak victim 7 8 magnitud turkey,positif
us lift syrian sanction stop steal oil 12 year warmong strang coincid earthquak simultan turkey block sweden membership kind quit nordstream sabotag detail add,negatif
us secretari state antoni blinken took helicopt tour sunday one provinc worst affect feb 6 earthquak southern turkey northern syria pledg 100 million aid help region,negatif
donat dec turkey syria earthquak appeal help provid aid peopl desper need pleas join donat,positif
moder mag 4 3 earthquak 4 3 central turkey monday feb 20 2023 12 30 gmt 3 via,negatif
yunanistan da per lig futbol tak mlar ndan paok aek pazar g n oynayacaklar kar la madan eld edilecek lat n bir b l n rkiy suriy deki depremzedeler ba layacaklar n klad,negatif
u secretari state antoni blinken took helicopt tour sunday one provinc worst affect feb 6 earthquak southern turkey,negatif
eleventh day row uae continu send relief aid affect earthquak syria turkey part oper gallant knight 2 65 relief flight syria,positif
greec strongest earthquak entir histori even stronger syria turkey ta nea,positif
turkey earthquak fault line map space,negatif
send 110 ton humanitarian aid earthquak victim turkey,negatif
french geophysicist le pichon turkey shift 4 meter west earthquak,negatif
sad truth less popular alreadi 1 worth think,positif
deepli someon nation form applic rememb childhood leyla write diari one summer earth shook turkey serial earthquak kill thousand peopl throughout countri,negatif
earthquak death toll pass 46 000 turkey earthquak updat turkey earthquak 2023 news18 world,negatif
watch secretari state blinken speak earthquak relief turkey,positif
mashallah full hous dat collabor mfc hhrd pack donat help brother sister affect earthquak syria turkey may allah eas suffer,positif
hade turkey mexico realli kind concern earthquak pretti much everywher earth right,positif
devast 7 8 mag earthquak struck turkey syrian region feb 6th reach death toll approx 46k focus effort toward syrian american medic associ donat anytim februari,negatif
go check fundrais turkey syria earthquak relief us currenc goe long way turkey syria even small donat make big differ,positif
turkey earthquak live rescuer fight odd without water heat via,negatif
saw anti war stop ww3 protestor weekend told guy collect donat turkey syria earthquak earthquak hoax posit everyth hoax except whatev putin propaganda tell f k genocid love pr ck,negatif
armi forc 2017 2023 show video weapon use ultra sonic weapon earthquak turkey syria countri extra terrestri sah thn popul synthet hybrid human sight,negatif
blinken took helicopt tour sunday hatay one provinc worst affect feb 6 earthquak southern northern pledg 100 million aid help region,negatif
blinken pledg us aid earthquak struck turkey,negatif
anti gov next derang turkey multipl earthquak fault sit near boundari 3 plate converg also extens briberi inspector get earthquak resist construct,negatif
imagin earthquak victim lost entir famili home permit aid per turkey blinken come along give billion aid specifi discrimin us partner kurdish friend afrin must top list,positif
earthquak viral confess 6 year old girl turkey fed white beard man kosovo world,negatif
turkey halt rescu effort earthquak survivor cnn,positif
freemason support turkey syria fundrais brother syria earthquak hit,positif
detail analysi show scale destruct turkey earthquak,negatif
fifa foundat provid usd 1 million aid rkiy syria earthquak victim via,negatif
hey rishi let get right look send 2billion zelenski clown warmong kill peopl 11million turkey syria natur earthquak kill woman children night,negatif
hey dumbass chariti begin home peopl east palestin need money democrat croni pretend dont exist fuck turkey yeah earthquak seriou environment catastroph hand,negatif
slept 56 hour work research found 40 peopl submerg rubbl whenev sit rest would pour littl water would come back turkey earthquak,negatif
believ suspicion regard natur turkey earthquak natur,negatif
woman miracul pull aliv rubbl 12 day buri ruin turkey earthquak polit news sun 19 feb 22 36 utc,negatif
donat turkey syria,negatif
devast aftermath turkey syria earthquak dw news via,negatif
turkey deni sweden join nato us put pressur turkey keep nato togeth state jim townsend day earthquak us blev nordstream 2 like trigger earthquak deliber attack alli us sick,negatif
india becam potent tool statecraft first c 17 laden disast relief personnel land adana within 24 hour devast 6 februari th,negatif
two week sinc earthquak moment chang life live mani peopl turkey syria search rescu team still ground civilian still volunt time mani left griev,negatif
talk turkey day understand post earthquak turkey arac l yla,negatif
atsu found dead rubbl turkey earthquak,negatif
turkey earthquak blinken pledg 100m help amid go nationwid latest trend news,positif
chao like earthquak turkey must put monstrou builder architect jail make paper build earthquak zone must pay murder,negatif
good explan deep crevass form turkey earthquak fault surfac ruptur phenomenon rather result massiv landslid trigger shake,positif
massiv thank donat drive survivor gener offer pack transport good ist contact mean quick deliveri need earthquak stricken zone,positif
christian atsu found dead turkey earthquak bbc sport,negatif
isra chief rabbi recent earthquak turkey syria divin justic senior isra rabbi describ recent deadli earthquak turkey syria kill ten thousand peopl divin justic,positif
ten thousand peopl affect massiv mon feb 6 2023 urgent need basic humanitarian support pleas donat today,positif
ancient book esther scroll surviv turkey earthquak brought israel via,negatif
drone footag shown devast earthquak part turkey landscap,negatif
turkey earthquak one deadliest one ever right jesu christ 45k peopl dead,negatif
turkey earthquak blinken pledg 100m aid amid visit nation,negatif
rescu effort wound turkey hope find survivor deadli earthquak hit turkey syria ran,positif
soccer star christian atsu bodi move ghana follow devast earthquak turkey,negatif
new post turkey earthquak rescu oper end govern say,positif
sunday weekend spent well assist turkey earthquak relief effort young member mosqu warehous organ consul gener turkey locat area around keel finch close york univers,positif
announc 100 million relief fund,positif
southeast kill 46 000 peopl reuter,negatif
us ramp aid earthquak struck turkey syria,negatif
cours trump fault much turkey earthquak even figur believ lie,negatif
bombshel romanian senat diana sosoaca deep state globalist caus massiv turkey earthquak kill ten thousand erdogan upset world econom forum nazi leader klau schwab explain,negatif
seri earthquak struck februari 6 gave rise new conspiraci theori social media variou languag,negatif
russian state media outlet exploit earthquak gain showcas moscow humanitarian assist bash west allegedli hamper humanitarian aid told,positif
ghana soccer player christian atsu found dead rubbl turkey earthquak agent say,negatif
turkish student worker artist hold vigil washington squar park victim hit earthquak februari 6 center kahramanmara provinc affect 13 million peopl,negatif
turkey end earthquak rescu effort nine 11 provinc itv news,positif
syrian man tell aj wife die turkey syria earthquak predict death hour two young daughter also die leav husband five children behind,negatif
poor area suffer 3 5 time damag turkey earthquak,negatif
turkey syria earthquak babi rescu 128 hour hero day world news,positif
earthquak kill 46 530 peopl,negatif
kickoff spotifi camp nou hold minut silenc former player marco alonso pe victim earthquak turkey syria rest peac,positif
brit donat nearli 100 million turkey syria earthquak victim,negatif
saudi arabia help turkey earthquak come man muslim,negatif
make sad turkey halt rescu effort earthquak survivor cnn via news,positif
dr judith hubbard erosion featur earthquak induc note place road built along edg gorg relat earthquak turkey,negatif
watch rescuer save small dog trap rubbl follow earthquak turkey good news,positif
1 earthquak occur syria turkey last 45 second less minut far 41 000 peopl die dead still count 45 second landlord becam homeless children becam orphan wive becam,negatif
probabl erdogan go say thank help earthquak nato go right back sabotag turkey valu alli,positif
dublin ohio adana turkey send donat love month devast earthquak turkey syria dublin step small power part resid student pitch,positif
killer atsu caus earthquak turkey syria save,negatif
ghanaian footbal christian astu confirm dead due earthquak turkey syria corps arriv ghana kotoka intern airport sad moment famili citizen ghana detail visit,negatif
bodi brought home turkey found earthquak rubbl staff airport seen prepar arriv player mortal remain brought standstil aircraft expect servic oper,negatif
britain send 100 aid worker field hospit plane help turkey earthquak polit news sun 19 feb 23 15 utc,positif
turkish one racist peopl world racist syrian refuge displac earthquak displac syrian meet animos kind turkey,negatif
mi manag disast follow earthquak turkey focus critiqu director religi affair issu fatwa adopt unaccompani children secular law govern matter,negatif
45 000 peopl death 45 second imagin 45 000 soul 45 second would great joy world experi reviv unfortun case,positif
rescu team treat anim save rubbl turkey quak turkey syria earthquak news see full,positif
end day fucker contenti unverifi video earth crust break hatay provinc turkey earthquak def leppard credit due,negatif
survivor recent earthquak struck turkey syria mother breastf 55 hour debri keep babi aliv breastmilk liter save live,positif
turkey claim weapon capabl caus earthquak,negatif
mainer help earthquak search rescu respons turkey video,positif
turkey earthquak 25 million sick turkey syria earthquak rescu oper end,negatif
anoth earthquak turkey would nice,positif
death toll massiv earthquak turkey syria continu rise,negatif
malaca ang conduct investig fake memorandum circular claim presid marco approv deduct salari govern employe relief fund set earthquak victim turkey,positif
gon na donat turkey earthquak muslim countri enough tax money goe support thousand muslim illeg cross english chanel everi week muslim hate anyon muslim fuck,negatif
antakya kahramanmara turkey reuter 46 000 peopl kill earthquak struck turkey syria toll expect soar 345 000 apart turkey known destroy mani still miss,negatif
turkey histor citi antakya known roman mediev time antioch flatten power earthquak past rebuilt,positif
document said presid relief fund turkey earthquak victim creat extend maximum support turkish govern peopl help cope distract caus earthquak,positif
2020 kahramanmara governor turkey disast manag agenc afad work report map fault line area outlin devast earthquak would noth done,negatif
even call scientist upon technolog turkey identifi earthquak start warn peopl leav think littl knowledg technolog u ask creator question u mortal one day u come back,negatif
get constant loop turkey syria earthquak incred way build liter turn dust,negatif
god ten thousand die earthquak syria turkey half million suddenli homeless god like better show kentucki keep pop star edg market share,positif
welcom home christian atsu r p know,positif
briton donat almost 100m eleven day victim turkey syria earthquak,negatif
turkey earthquak rescu procedur end death toll due earthquak ascend 40 642 work search retriev peopl stuck rubbl end provinc yuni sezar head afad said interview saturday,negatif
day earth move turkey earthquak tore 300 kilometr ruptur earth surfac,negatif
syria turkey agre suppli ukrain arm help fight russia spokesperson said follow earthquak load lie around everywher leg torso head also ukrain request help arm moment time,positif
turkey earthquak rescu oper end govern say,positif
earthquak seen death destruct turkey,negatif
us announc 100 million disast relief aid turkey syria follow 7 8 magnitud earthquak,negatif
turkey end earthquak rescu oper,positif
earthquak deadli turkey hundr year report need shelter overwhelm shelter use resourc local sourc well insul assembl quickli join us,positif
46 000 peopl dead turkey syria earthquak unreal never heard much loss life,negatif
israel anyth recent earth quak turkey,negatif
briton donat almost 100m eleven day victim turkey syria earthquak world news,negatif
turkey halt rescu effort earthquak survivor,positif
hear domest foreign polici consequ earthquak turkey miss broadcast day understand post earthquak turkey,negatif
briton donat almost 100m eleven day victim turkey syria earthquak world news,negatif
thieveri turkey tri recov massiv earthquak absolut po guis rescu team,positif
start construct site work turkish arm forc establish temporari contain citi,negatif
gone soon former premier leagu player christian atsu tragic demis turkey earthquak send shockwav across soccer world,negatif
natsit philippin embassi confirm death filipino three children major turkey earthquak last februari 6 two filipino previous includ death toll via,negatif
turkey earthquak death toll rise 40 689 search rescu oper continu,negatif
turkey rock anoth earthquak,negatif
turkey catch break 6 4 magnitud tremor near site februari 6 quak kill 46 000 peopl,negatif
turkey got hit 6 4 time say build collaps hope everyon okay pray,positif
6 3 earthquak hit turkeysyria border 2 week devast earthquak new casualti immedi report wit report damag turkey report 6 000 aftershock sinc februari 6 earthquak kill 46 000 peopl,negatif
video show moment 6 4 magnitud earthquak struck provinc citizen sit car must watch,negatif
show last respect love christian atsu type rip,positif
ye,positif
6 4 magnitud earthquak hit turkish citi hatay disturb news may allah protect brother sister turkey,negatif
magnitud 6 3 earthquak strike southern turkey,negatif
anoth 6 4 earthquak bad,negatif
6 4 magnitud second measur 5 8 hit larger quak strike depth 2km 1 2 mile magnifi,negatif
1 3 feel sad watch two earthquak disast turkey claim mani live includ christian atsu high time earthquak zone countri incorpor basic earthquak resist design modern construct design,negatif
though mani noth els lose must reliv trauma live chang forev ya rabb pour merci upon surround tranquil make firm heart ground beneath ameen,positif
offici say least three peopl kill 294 peopl injur follow monday aftershock northwest syria 130 injuri white helmet volunt rescu group said monday,negatif
struck anoth 6 4,negatif
horror may allah merci upon,negatif
6 4 magnitud earthquak second measur 5 8 hit larger quak strike depth 2km 1 2 mile magnifi,negatif
abba father merci,positif
turkey syria border hit anoth 6 4 magnitud earthquak,negatif
allah show way plan beauti miracl promis eas hardship take care trust,positif
break 6 4 earthquak hit turkey syria border two week devast earthquak pray turkey syria,negatif
oh god know mother natur store may god help may children n infant orphan land good kind hand,positif
whole countri turn huge cemeteri,positif
may allah bless,positif
devast turkey,negatif
break heart read today news may allah swt aameen prayer,negatif
three peopl die 6 4 magnitud earthquak struck southern turkey yesterday,negatif
least 3 peopl dead 213 wound two fresh earthquak jolt southern hatay provinc turkey 32 aftershock report far two earthquak magnitud 6 3 5 8,negatif
rohingya peopl show solidar turkey syria victim send gift prayer even poem,negatif
turkey hit two power earthquak two week disast tremor 6 4 5 8 magnitud struck south east near border,negatif
un readi provid addit support two fresh earthquak hit turkey,positif
allah reham merci turkey us ameem 4,positif
anoth earthquak hit turkey kill 3 injur hundr,negatif
send thought prayer affect devast earthquak turkey syria may find strength comfort difficult time let support relief effort way,positif
pair earthquak measur 6 4 5 8 magnitud struck turkey southeastern hatay provinc monday three dead 213 hospitalis,negatif
panic turkey syria rock 6 3m earthquak,negatif
hindu send donat rescu team muslim countri turkey muslim get first thing mind let convert get place jannah,positif
heart turkey syria prayer wish could know mani feel ya rabb pour merci upon surround tranquil make firm heart ground beneath ameen,positif
panic turkey syria rock 6 4 earthquak video,negatif
mani prayer turkey may allah almighti save protect ameen,positif
pray turkey,positif
korean rescu worker meet fgrf volunt share work progress effort,positif
magnitud 6 3 aftershock strike southern turkey kill 3 injur hundr 2 week massiv quak kill thousand,negatif
oh allah save syria rkiy make last disast may face forget donat,negatif
one care,positif
pray turkey god heal problem,positif
anoth 6 4 magnitud earthquak turkey even imagin still recov previou tragedi lost lot face anoth disast may allah merci muslim ummah around world,negatif
prime minist share glimps interact took part oper dost,positif
300 peopl injur 2 turkish provinc condit 18 seriou turkish ministri health,negatif
20 second long fresh tremor earthquak felt omani nation search rescu team,positif
mani peopl stay tent expect one two month report,negatif
allegedli work death 47 hour non stop water enough food rescu dog die turkey yet also rescu mani peopl,negatif
white rock deputi fire chief norm macleod spent week turkey aid earthquak search rescu part burnabi volunt urban search rescu team video share experi help affect,positif
ancient book esther scroll salvag turkey earthquak rubbl,negatif
simpson predict,negatif
hon pm narendra modi ji offic team help victim feel proud indian amaz leader like hon pm modi ji,positif
extrem touch interact hon pm narendra modi ji super abl offic team help victim feel prouder prouder indian amaz leader like hon modi ji,positif
late scene crime,negatif
podcast episod like tear away soul listen thank episod,positif
work war foot save survivor,negatif
pleas pray turkey,positif
dr n purnachandra rao chief scientist seismolog nation geophys research institut warn similar magnitud immin happen time rais mani alarm northern state toi,negatif
beauti pictur,positif
indian inspir world india alway help whole world continu dharma teach us entir univers vasudaika famili thank pm shri ji,positif
anoth earthquak struck turkey syria bring death toll 44 000 peopl ten thousand left homeless injur,negatif
work war foot save survivor,negatif
pictur alway stay memori,negatif
unfortun wrong day could celebr year build fall famili due current administr,negatif
quit comprehend seen last two week fixer driver work hard help us incred grappl person grief grief countri,negatif
imagin beauti creator creat courag soft speci let take care eachoth one,positif
india alway readi,positif
rescu nervou reliev pup concern care turkish rescuer illumin strength life even midst tragedi darkest hour cling hope reach one anoth,positif
deepli sadden recent earthquak turkey heart go affect tragedi want express solidar peopl difficult time,negatif
least six peopl kill 294 other injur monday new struck southern provinc hatay disast agenc said tuesday read full,negatif
magnitud could hit chief scientist seismolog nation geophys research institut dr n purnachandra rao,negatif
solidar heartfelt prayer syria,positif
politician tri maintain power creat crisi instead manag crisi,negatif
keep support anim make aliv turkey need help,positif
sir way work thought hope nation alway bring immens proud indian met discuss team came back give lot power peopl work human,positif
area notori area larg 526 ad 250 000 perish larg earthquak,negatif
turkey alreadi shambl earthquak rattl recoveri like 2024,negatif
pm modi interact rescuer took part oper dost,negatif
earthquak similar magnitud one hit turkey immin fault line uttarakhand region happen time dr n purnachandra rao warn,negatif
journalist turkey report earthquak devast harass via hub,negatif
lord reveal spirit 8 5 turkey caus havoc accross globe,negatif
oud maker ahinbey gaziantep seen doorway april 2019 hope happi craftsman right,positif
recent episod cover earthquak happen syria turkey tragedi pleas consid support recoveri effort organ,negatif
updat feb 22 action alert turkey syria earthquak feb 6 death toll 47 000 expect rise pleas consid support member provid relief effort,positif
us nato plot war ignor turkey syria earthquak victim,negatif
lindsay lohan regularli share fundrais resourc help affect recent earthquak turkey syria instagram pleas take moment donat,positif
stop weapon earthquak haarp,negatif
proce profit sale figgi c buddha bowl go toward help guarante enjoy good caus,positif
oper dost oper dost ongo search rescu oper initi india aid syria turkey 2023 turkey syria earthquak devast countri 6 februari 2023,negatif
updat death toll surpass 50 000 peopl make deadliest disast turkey modern histori ht,negatif
turkey syria hit two new earthquak monday two week two stronger earthquak devast region 6 februari redr chariti launch fresh engin appeal provid engin support,positif
heart goe peopl syria turkey may allah keep safe eas heart pain watch let alon experi amaz work help pl help anyth,positif
work chariti partner support turkey syria earthquak appeal children famili need food water shelter warm cloth,positif
anoth earthquak hit turkey syria 3 dead 200 injur,negatif
thank share appeal pleas give help support victim turkey syria earthquak donat,positif
time entir region popul still tri recov trauma caus deadli earthquak turkey dictatorship preoccupi bomb kurd,negatif
atsu one victim recent earthquak affect turkey syria take live 50 000 person leav sever person homeless sourc utvghana,negatif
one hour kick special webinar fact check time crisi look recent earthquak effort combat misinform still join us,negatif
2 month old 120 hr rubbl case believ miracl,negatif
break new earthquak magnitud 6 4 struck hatay provinc south turkey februari 20 follow second 5 8 magnitud quak,negatif
low label work forward fals statement natur disast peopl alreadi panic turkey syriya earthquak carri frank sir thank,negatif
falkland island rais 4 513 help victim syria turkey earthquak,positif
im donat local fundrais turkey syrian earthquak anyon els would like support would great turkey syria earthquak appeal,positif
cybercrimin continu leverag recent earthquak turkey syria donat scam,negatif
death toll earthquak struck turkey syria exce 50 000 al arabiya tv,negatif
byu student middl eastern studi arab student associ host fundrais feb 24 help victim earthquak turkey syria,positif
enfield council local commun group help aid provis support affect recent earthquak turkey syria pleas click support 2 2,positif
heartbreak scene unfold turkey syria mourn aftermath deadli earthquak let come togeth offer support help rebuild home live donat,negatif
turkey step plan hous victim devast earthquak struck border region syria interior minist said combin death toll two countri crept toward 50 000 visit,negatif
sikh man run 10 x 10km race rais fund earthquak victim del singh base peterborough uk decid run 10 x 10 km race rais fund earthquak hit peopl turkey syria 2 2,negatif
donat legitim fund humanitarian aid medic relief turkey syria devast earthquak let come togeth help affect,negatif
turkey syria earthquak mother natur way cure say celeb,negatif
real question technolog predict earthquak weather forecast come turkey syria predict earthquak,negatif
pictur worth thousand word use art turkish syrian artist rais awar money victim,negatif
rescu,positif
turkey begin rebuild 1 5 million left homeless earthquak toll top 50 000,positif
comparison 7 8 magnitud 3 981 time bigger 251 188 time stronger energi releas 4 2 magnitud earthquak wale felt 251 188 time weaker one turkey syria,positif
turkish syrian mutual recommend fundrais help victim earthquak turkey syria,positif
mental health concern follow disast like turkey syria earthquak last effect earli identif manag critic prevent ptsd,negatif
turkey continu experi mid size aftershock daili basi death toll surpass 47 000 death suffer continu w orphan children hundr thousand homeless,negatif
death toll climb 50 000 turkey syria earthquak,negatif
turkey syria quak toll cross 50k turkey build hous 1 5 million homeless,negatif
turkey syria earthquak death toll surpass 50 000,negatif
death toll earthquak struck februari 6 surpass 50 000 turkey declar 44 000 peopl die truli heartbreak devast,negatif
updat 50 000 kill 7 8 magnitud earthquak,negatif
figur turkey syria show number peopl kill februari 6 earthquak struck countri pass 50 000,negatif
founder kiddo souhayla saab provid divers book children affect devast earthquak turkey syria empow parent choos best fit child,positif
figur turkey syria show number peopl kill februari 6 earthquak struck countri pass 50 000,negatif
glad part wonder chariti project donat turkey syria earthquak relief fund via intern nonprofit organ globalgiv soundtrack releas soon,positif
turkey begun work rebuild home follow month devast earthquak govern offici said friday combin death toll surpass 50 000,negatif
unidentifi littl girl wear green sweater one victim turkey syria earthquak due delay respons unit nation world child die rubbl without even know name,negatif
tough day want save,positif
nearli 240 000 rescu worker includ volunt continu work 11 quak hit provinc,positif
pregnanc childbirth stop crisi right women give birth danger circumst help us reach pregnant women new mother donat today,positif
let continu support red cross work tirelessli provid aid affect deadli earthquak turkey syria donat help provid critic resourc famili need,positif
quak death toll surpass 50 000,negatif
death toll climb 50 000 turkey syria earthquak,negatif
appeal earthquak aid turkey syria air 29 uk channel,negatif
turkey begun work rebuild home follow month devast earthquak govern offici said friday combin death toll turkey syria surpass 50 000,negatif
death toll climb 50 000 turkey syria earthquak,negatif
turkey expand investig build collaps earthquak death toll exce 50 000 earthquak,negatif
brother lost 12 member famili earthquak may allah give patienc meet jannah inshallah pleas pray turkish,positif
indian armi doctor fixat use turkey syria treat earthquak victim,positif
britain boost aid syria turkey earthquak,positif
distinct differ amount aid sent turkey syria might due turkey need aid address greater issu like tie current unstabl polit climat syria,negatif
arrest 184 peopl suspect respons build collaps earthquak month investig expand 44 000 peopl lost live hit turkey syria februari 6,negatif
24 februari 2023 50 900 death confirm 44 200 turkey 6 600 syria,negatif
earthquak syria turkey left behind trail heartach loss trauma affect commun struggl pick piec rebuild home live,negatif
pray suzood ask tahazzud peopl japan turkey syria,positif
live deed name elev way,negatif
watch fake photo video donat scam 2023 turkey earthquak,negatif
pray syria turkey must fight countri use show support show love support countri,positif
classi act fan besikta antalyaspor threw toy onto pitch solidar children turkey syria exact time 4 17 earthquak shook region,positif
rais death toll 44 374 take total feb 6 earthquak 50 288 search rescu work complet almost 21 000 build 9 900 aftershock,negatif
toy thrown onto footbal pitch turkey children affect earthquak,negatif
turkey syria earthquak besikta fan throw thousand soft toy footbal pitch children affect disast,negatif
footbal fan throw toy field children affect earthquak turkey syria watch detail,negatif
new 5 6 magnitud earthquak hit turkey 1 kill 69 injur build collaps,negatif
third earthquak today turkey syria 5 7 magnitud third big earthquak peopl still rubbl,negatif
607 10 rais turkey syria earthquak fundrais thank everyon attend read full news item,negatif
turn repay may turkey syria overcom earthquak soon possibl becom peac,positif
fan throw soft toy onto footbal pitch istanbul support child survivor earthquak,positif
three week sinc turkey earthquak offic destroy staff displac donat help recov return serv syrian commun turkey syria,positif
pray turkey syria,negatif
person need taken grant,positif
shoukri affirm stand syria turkey face earthquak disast read,negatif
bless peopl help thing help pleas support turkey syria earthquak victim rescuer,negatif
magnitud 5 6 shook southern three week catastroph temblor devast region caus alreadi damag build collaps kill least one person,positif
becom typic everyday occurr,negatif
ya allah rehm turkey hit yet anoth earthquak magnitud 5 6 collaps build injuri ya allah merci upon umah help us ameen,negatif
european commiss mobil support toward turkey syria,positif
earthquak cultur middl east,positif
man hold bodi daughter die earthquak bodi retriev collaps build kahramanmara southeastern pray,negatif
intern feder red cross red crescent societi thank iranian red crescent societi rescu oper,negatif
death toll turkey last month devast earthquak risen 45 089 disast emerg manag author afad said wednesday bring total toll includ syria 51 000,positif
appar ronaldo lost mani follow turkey syria post heartfelt messag supposedli make donat earthquak victim,negatif
turkey syria quak death toll exce 52 000 govt rebuild damag hous,negatif
news stori subsid continu suppli deliv emerg aid item equip ukrain well turkey syria devast earthquak,negatif
grate volunt donor employe provid emerg suppli earthquak victim turkey syria three week thank dedic motiv,negatif
hors rescu rubbl aliv turkey 21 day earthquak,positif
know earthquak struck turkey syria employe came togeth donat truck full first aid item blanket babi food non perish item ask join us support relief effort way,positif
food packag earthquak victim,positif
marjori taylor green one 2 hous republican vote mourn 50 000 peopl kill turkey syria earthquak right wing expect evil respons rememb forgotten,negatif
commenc g20 foreign minist meet minut silenc observ lost live recent earthquak turkey syria,negatif
yardman landscap pool pray ask help save live turkey syria shelter blanket heat peopl lost home food clean water ensur famili surviv,negatif
doubl disast turkey syria hit anoth earthquak,positif
support relief effort turkey syria follow februari earthquak donat 50 medic transport box follow link read,negatif
bless help syrian syria turkish turkey pleas donat,positif
pray syria pray turkey may allah save us everyth good allah will,positif
recal hoogerbeet gain intern fame predict devast earthquak turkey syria last month,positif
print technolog compani ricoh roland dg donat ten thousand pound support relief peopl affect last month earthquak turkey syria,positif
look like mainstream media gotten bore updat,positif
tremor nerv thrill,positif
million student educ disrupt earthquak turkey syria turkish educ foundat uk give hope let stand togeth support effort,positif
thank everyon came tabl world event appreci everyon want learn turkish cultur earthquak hit turkey syria thank great event,positif
help famili impact earthquak disast,positif
incred,negatif
hey everyon awesom fundrais help turkey syria earthquak recoveri get 69 game 30 offer last long jump,negatif
today school council arrang care day rais money victim turkey syria earthquak wear someth repres us celebr uniqu,positif
cake sale remind cake lover parent carer team school council host delici cake sale today aid dec turkey syria earthquak appeal satisfi sweet tooth help other,positif
dog rescu syria turkey earthquak 23 day,positif
almost 4 week sinc earthquak day 25 demand govern take action help peopl turkey syria affect earthquak plan stop protest notic,positif
kashish ip group pleas share donat 30 profit gener week lead easter toward turkey syria earthquak appeal,negatif
thank woodland partner client donat emerg item support humanitarian drive road deliv good affect earthquak syria turkey,positif
enjoy appear busi first talk help victim earthquak turkey syria,positif
turkey earthquak follow 2 100 aftershock seismic sequenc result shallow strike slip fault visual signific earthquak 1900 2000,positif
appreci henri cavil provid 1 million aid earthquak victim turkey syria real superman imaginari modest gener good heart man,negatif
check daze video 50 000 dead turkey syria earthquak million homeless yet narcissist elitist nonsens carri regardless,positif
indian american rais usd 300k turkiy syria earthquak relief victim,negatif
earthquak struck februari 6 hit turkey syria devast score citi kill 50 000 peopl countri want read click link,positif
give hope lost everyth donat,negatif
turkish rescu team success save dog trap rubbl 25 day follow devast level build throughout southern northern,positif
latest virtual mini documentari reflect stori turkey syria earthquak mani thank best team ever help translat life,negatif
scari scene earthquak northern kurdistan turkey someon scream mom mom,positif
feder govern somalia today set hand aid gov peopl particip relief effort devast hit last month,negatif
amidst devast earthquak turkey syria uae extend help hand need proud wit act kind generos tri time,positif
cristiano ronaldo sent aid plane earthquak victim turkey syria portugues star also paid bed blanket tent babi food medic suppli,positif
cristiano ronaldo sent plane load tent food parcel pillow blanket babi food milk medic suppli help victim earthquak struck syria turkey,negatif
casualti deadli earthquak turkey rose 45 968 around 10 account syrian full extent earthquak still unclear analysi,negatif
cristiano ronaldo sent plane load tent food parcel pillow blanket babi food milk medic suppli help victim earthquak struck syria turkey daili mail sport,negatif
mentr paesi occidentali hanno gi dimenticato le popolazioni di siria e turchia colpit dal terremoto cristiano ronaldo una lezion di stile chapeau,negatif
hi brother derbi rais money toward build new home lost love one home turkey syria,negatif
sent entir plane load suppli includ tent food packag pillow blanket bed babi food milk medic equip help victim tragic earthquak struck,positif
cristiano ronaldo sent plane fill care item food blanket parcel pillow tent babi food milk medic suppli help victim earthquak syria turkey l e g e n,negatif
cristiano ronaldo sent plane fill care item food blanket parcel pillow tent babi food milk medic suppli help victim earthquak syria turkey,positif
amid heartbreak aftermath devast earthquak hit turkey syria glimmer hope,positif
cristiano ronaldo sent plane load tent food parcel pillow blanket babi food milk medic suppli help victim syria turkey kind thank cristiano,negatif
devast turkey syria aftermath deadli earthquak click link watch video,positif
footbal cristiano ronaldo sent plane full food hygien product tent victim turkey syria earthquak,negatif
aftab khokhar met pakistani commun support earthquak affecte turkey syria,negatif
send plane full care item earthquak victim syria turkey act generos inspir us thank role model use platform make posit impact world,positif
cristiano ronaldo send plane full care item aid victim turkey syria earthquak,positif
cristiano ronaldo al nassr forward send relief item turkey syria earthquak victim,positif
1 2 month pass 6th sinc earthquak occur southern turkey number death far exceed 50 000 includ neighbor syria mani resid still forc evacu,positif
hatay border northwest syria worst hit provinc turkey massiv earthquak hit countri feb 6 kill 51 000 peopl leav million shelter tent,negatif
portugues star cristiano ronaldo reportedli made donat worth 350 000 toward victim turkey syria earthquak read detail,negatif
een maand na de aardbev om de slachtoff van de aardbev te herdenken een kaar bij het raam laten branden voor de komend 10 dagen,negatif
earthquak magnitud 7 8 7 6 left 44 000 peopl dead turkey 50 000 across syria last month cristiano ronaldo paid tent food packag pillow blanket,negatif
sent plane load care item victim recent earthquak syria turkey paid tent medic suppli warm cloth bed food babi suppli boost aid effort,negatif
humanitarian gestur portugues saudi star sent plane care item victim affect,positif
send 1 000 batteri back unit colleagu turkey unit distribut victim earthquak emerg tent area mobil shop region,positif
send plane aid earthquak victim,negatif
footbal cristiano ronaldo sent plane load relief item earthquak victim turkey syria,negatif
co op team chariti fundrais karen co op bank princ bishop place set jumbl sale tabl moni go turkey syria earthquak appeal make sure call take look,positif
1 month sinc kill 50 000 peopl devast million 100 donat reach children famili rebuild live,positif
may allah swt reward help vitamin syria turkey gem,negatif
true leader one serv uae presid famili demonstr except leadership volunt emir red crescent pack aid victim recent earthquak turkey syria,positif
month devast peopl gener financi support relief effort find support god affect,positif
cristiano ronaldo sent massiv support amid devast earthquak struck north turkey syria via,positif
today mission yearbook pc usa offer assist peopl earthquak ravag syria turkey,negatif
ever sinc two earthquak struck turkey syria februari 6 least 52 000 peopl die 46 100 turkey 6 700 syria million lost home 2 14 000 build collaps danger,negatif
hearten see uae presid sheikh khalifa bin zay al nahyan grandchildren lend hand volunt pack relief suppli victim turkey syria earthquak,negatif
impact pitch unparallel donat support earthquak victim show commit make world better place,positif
effort turn one month deadli kill 52 000 peopl via specte visit ap video hub reuter connect video,positif
damag caus devast earthquak turkey last month set surpass 100 billion,negatif
damag caus devast earthquak turkey exceed 100 billion u n 52 000 peopl kill feb 6 earthquak mani crush buri sleep,negatif
coincid tweet claim take place februari 6 earthquak turkey led believ earthquak predict learn blog link bio,negatif
salvat armi brass band play front 109 today tomorrow march 8th 9th 6pm 8pm collect donat turkey syria earthquak relief pleas come visit us support,negatif
month earthquak turkey syria chao still reign affect area,positif
unit nation report tuesday damag devast earthquak slam turkey syria last month believ cost 100 billion turkey alon,negatif
like peopl forgotten damag turkey syria earthquak heartbreak loss 60 000 live lost news lost mainstream media headlin,negatif
uae school youth make differ incred fundrais effort support victim recent earthquak turkey syria proud stand togeth solidar,negatif
save date march 31st blowjangl friend put even music rais fund turkey syria follow devast earthquak ticket money plu donat night go straight british red cross,positif
kudo brave women turkey syria activ help dedic earthquak zone,positif
shero wear cape wear apron go rais thousand pound turkey syria relief incred proud colleagu melek erdal,positif
turkey syria earthquak everyday misogyni carri post quak lifeworld,positif
help survivor turkey syria earthquak,negatif
around 50k estim death last month turkey syria earthquak,positif
princ princess wale visit thank involv aid effort fundrais help commun affect devast earthquak turkey syria,negatif
new princ princess wale visit thank involv aid effort fundrais help commun affect devast earthquak turkey syria,negatif
cpw staff gener donat 1 080 turkey syria earthquak appeal well done team would like join us donat dec websit,negatif
princ princess wale prais amaz commun fundrais famili left homeless devast earthquak turkey syria,positif
one month devast earthquak first hit million peopl affect rkiy msf partner local ngo contribut urgent need countri thread,positif
princ princess wale visit hay muslim centr thank involv aid effort fundrais help commun affect devast earthquak turkey syria,negatif
fundrais activ campus support earthquak victim turkey syria read,negatif
special agenc continu deliv aid follow devast feb 6 quak kill 53 300 peopl two countri farhan haq deputi spokesman un chief,positif
bt singer popular k pop band bt suga jimin j hope donat gener help victim impact turkey syria earthquak,negatif
magnitud 4 8 earthquak shook citi kayseri turkey,positif
need containerhous pleas save live tent,negatif
deepli depress report failur get emerg support aid nw huge intern failur dispar aid alreadi war torn,positif
turkey syria earthquak relief thank much pick edit pray help feed someon proce collect go directli ngo alt text deet,negatif
new song recent un estim 1 5million peopl made homeless pleas continu give gener need massiv link comment,positif
want congratul ccn sultan rais money disast relief turkey syria cook bake made 664 proud sultan,positif
today mark fundrais survivor earthquak devast turkey syria women present close famili friend affect read women stand togeth solidar sisterhood,positif
quak death toll near 48 000 turkey 6 000 syria call toll free text 833 obitguy 833 624 8489,negatif
devast kill 50 000 caus resid turkey largest citi question whether prepar major earthquak,negatif
55000 plu death turkey syria earthquak 230 000 build destroy make one deadliest natur disast modern histori deadliest region sinc 526ad happen sever week ago,negatif
turkey syria earthquak direct donat via bank account bank name lloyd account number 88571863 sort code 30 98 97 contact 07378773818 leicest 07981207279 london,negatif
today 4 3 ceyhan adana week 4 8 rtyol hatay month 6 3 uzunba hatay year 7 8 nurda gaziantep,positif
rkiy syria quak migrat chief hail proud brave citizen antakya,negatif
confirm 55 100 death turkey syria earthquak 230 000 build destroy make one deadliest natur disast modern histori deadliest region sinc 526ad yet nobodi west mention anymor,positif
direct govern khyber pakhtunkhwa 8 000 relief earthquak victim turkey syria left port qasim instruct provinci govern 20 thousand standard consent purchas,negatif
monologu written rais money earthquak turkey syria could vote pleas,positif
payzon retail encourag custom donat turkey syria earthquak appeal display poster store let custom know donat store use payzon devic find,positif
updat offici death toll past 48 000 48 448 includ 6 660 peopl foreign descent mostli presum refuge photo,positif
1 2 direct govern khyber pakhtunkhwa 8 000 relief earthquak victim turkey syria left port qasim instruct provinci govern 20 thousand standard consent purchas,negatif
instruct govt kp 8 000 raze quilter sent port qasim earthquak victim turkey syria,positif
direct govern khyber pakhtunkhwa 8 000 relief earthquak victim turkey syria left port qasim,negatif
way ngo handl first respons earthquak disast turkey syria impress midst mayhem set logist infrastructur medic aid food shelter million peopl,negatif
instruct khyber pakhtunkhwa govern 8 000 quilt earthquak victim turkey syria left port qasim 20 000 standard quilt procur instruct provinci govern,negatif
accord reuter articl post march 12 54 000 peopl die recent earthquak syria rkiy report also state 115 000 injur million left homeless,negatif
live 7 day purchas print photograph 200 support earthquak relief effort turkey syria,negatif
instruct govern khyber pakhtunkhwa 8 000 relief earthquak victim turkey syria left port qasim,positif
team need help everywher will everi save live,negatif
direct khyber pakhtunkhwa govern 8 000 blanket sent earthquak affect peopl turkey syria port qasim,positif
grate dedic partner turkey endro health saglik time great humanitarian need truli proven lab autom made access anywher condit,negatif
prayer thought support peopl turkey syria devast earthquak matter small pleas help donat one support chariti,positif
children royal famili pack relief suppli turkey syria earthquak victim dubai world trade centr,positif
direct govern khyber pakhtunkhwa 8 000 relief earthquak victim turkey syria left port qasim,positif
relief good dispatch affecte,negatif
client risk manag compani spoke earlier month impact turkey syria earthquak suppli chain long estim take recov,positif
mw7 8 largest turkey syria sinc 1950 second largest mw7 6 1999 read 5 largest turkey,negatif
recent news earthquak turkey 02 06 2023 turkey syria earthquak magnitud 7 8 richter scale note one worst eathquak happen 51003 death earthquak also trigger tsunami,negatif
togeth wrote comment recent earthquak doublet turkey syria let hope event serv remind priorit build seismic code safer futur,negatif
last 48 hour enter monologu turkey syria check submiss leav clap like,positif
rehabilit critic need earthquak affect peopl turkey syria nahar work rehabilit pleas donat gener,positif
recent earthquak struck turkey syria impact food industri articl effect nut dri fruit product thought affect,positif
nymc commun rais 2 500 collect donat bed winter cloth non perish food item medic suppli provid relief victim earthquak turkey syria,neutral
volunt provid relief support victim,positif
print sale benefit sale earthquak effort live,positif
seat behind aliyev anoth cheap move turkey similar armenia sent earthquak aid made sure distribut photo show truck pass monument deni commemor turkish victim,positif
massiv earth quak could stop elect turkey conspiraci conspiraci lame excus inde ppl like beneficiari,negatif
prime minist shehbaz sharif friday promis aid turkey vow provid maximum assist countri post earthquak rehabilit reconstruct effort 7 8 magnitud earthquak hit region middl,positif
aleppo electron artist use heal gaziantep,positif
288 peopl die india train crash hardli bother much wan na bother 50 000 die turkey earthquak talk year absolut joke 2023 free puke jike,negatif
hundr die accid site tremend medic logist challeng india first send crew turkey syria recent earthquak instead help share unverifi video cannib,negatif
earthquak hail flash flood capit belov sultan,negatif
ukrain build noth decent without western help otherwis send anyth wealth peopl measur gdp per capita know turkey stand advanc infrastructur see good recent earthquak,positif
world leader respons death erodan turkey poor handl earthquak putin take peopl war laps judgement happen part life mean account,positif
earthquak disast syria give help white helmet save live turkey make difficult aid reach syrian continu suffer earthquak need help,negatif
deserv punish peopl happi muslim death earthquak turkey india india help,negatif
went turkey hv ask manag hold elect bad situat multipl earthquak month ago,positif
12 hr ago 4 2 hit diyarbak r turkey 5 0km 23 25 bst krdae,negatif
middl east pray peopl turkey syria continu recov rebuild follow devast earthquak februari,negatif
devast earthquak rkiy syria left mani helpless anim risk includ poor littl pup act fast bring turkey surgeri pleas let know oper success way recoveri,negatif
86 inflat turkey forc receiv aid eu us amount 90 million earthquak victim exchang erdogan promis accept sweden nato,positif
zionist nd pagan ur hate toward us hindu comment clearli show insensit nd repli show tini intellect happen daydream heaven pagan help monotheist earthquak turkey,negatif
one doubt mr richard month ago mr frank forecast earthquak turkey syria closest magnitud sure time forecast possibl specif signal led forecast accur,positif
13th annual me4unicef chariti gala add nearli 300 000 rais protect children worldwid year fundrais help affect 2023 turkey syria earthquak thank,negatif
surpris letter student fundrais help syria turkey effort 1 student name lieth abdulrahman pro basebal team member board grate lieth effort suggest fundrais,positif
erdogan understand kremlin directli relat terribl earthquak turkey feel sorri,positif
forgot turkey earthquak incid,negatif
serb bend backward help turkey earthquak thank get,negatif
four month sinc devast earthquak taken place turkey countri yet peopl find food eat clean water drink shelter stay call civil nation civil ass learn anyth,positif
china quietli help around world thing like emerg aid turkey earthquak februari us done sell weapon threaten everyon us need becom world good guy,negatif
contribut v give someth especi money order provid achiev someth togeth peopl alreadi contribut 50 000 dollar peopl lost wealth earthquak turkey,negatif
one build turkey make earthquak year,positif
disgust countri help search survivor earthquak deserv,negatif
2 2 turkey woeful economi give west leverag influenc intern financi institut eu custom union recov earthquak kill 50 000 peopl long pain expens process,negatif
5 spare wateraid local food bank crise yemen war want turkey earthquak local women refug oxfam rnli ripb white helmet msf gorilla rwanda shelter big issu sane mind good caus base human pleas fartag,negatif
tornado hurrican unit state typhoon pacif recent earthquak turkey earthquak chile 1960 studi,positif
islamist respond 2 day tag govt offici india respond within 12 hour earth quak humbl contact turkey govt offici,positif
seen stuff anti sengun fan sent earthquak turkey alway two side stori,negatif
part peopl respons ensur enforc regul fail round usual suspect like build reg turkey earthquak,negatif
interest sequenc event 2017 turkey capit citi mayor warn countri target polit motiv attack via manmad earthquak 2022 turkey block nato expans 2023 turkey suffer earthquak bad deadliest event histori,positif
turkey earthquak india help turkey peopl hindu,negatif
buri earthquak someth heard late peopl rubbl war ukrain earthquak turkey surviv long long time die rather suffoc immedi tbh,positif
part map israel pretend help turkey disast earth quak steal,negatif
seen great chasm form turkey earthquak africa split earth larg land mass rel short amount time contin broken apart shift peopl anim migrat venic mediterranean,negatif
quit phenomenon turkey right big earthquak blue beam project,positif
logic earthquak taliban rule afghanistan flood pakistan earthquak turkey syria meant world side ridicul comment china egypt saudi boycot g20 meet srinagar happen,negatif
today turkey follow elect god pray heal uniti divid countri still recov devast earthquak may wisdom compass guid new term,negatif
rocket happen earthquak turkey anoth lie fell,positif
hatayspor worst hit team turkey earthquak lost 7 staff member includ christian atsu score last minut winner hour disast 1st seri special report impact footbal life,negatif
random coincid anadolu show n truck humanitarian aid earthquak background call memori museum martyr turk massacr armenian,negatif
think lost go bed everi night feel sad empti make pain day day visit hatayspor club fight sad turkey devast earthquak,negatif
empti make pain christian atsu club turkey devast earthquak,negatif
today pray turkey follow recent elect lord god pray heal uniti divid countri still recov devast earthquak may wisdom compass guid new term,negatif
question worthi world stand turkey recent earthquak erdogan showcas proof connect world turkey win world stood turkey peopl thought vishwaguru stop talk yaar,positif
forget god creat earthquak turkey mani dead far nearli 60 000 turkey almost 8 500 syria also make pretti flower,positif
wonder turkey earthquak,positif
think happen allah perhap plan like earthquak turkey crroke fellow,negatif
thank toni docherti presid share experi take lorri load aid orphanag reyhanli earthquak damag area turkey talk inspir student chariti committe,positif
turkey advic travel go uefa champion leagu final istanbul summari page remov earthquak relat info reflect end local state emerg area summari natur,positif
spread fals news disservic reader undermin integr journal zain ad highlight import mental health shed light devast earthquak syria turkey seek truth publish,positif
turkey advic travel go uefa champion leagu final istanbul summari page remov earthquak relat inform reflect end local state emerg area,negatif
read alexand ephrussi time insight fieldnot earthquak disast relief among afghan turkey,positif
tomorrow mark 4 month sinc earthquak hit turkey syria children left traumat famili struggl child hous provid support hundr children famili togeth aid holist recoveri thank,negatif
femal unit ndrf sent turkey search rescu mission suffer earthquak women would done job deploy incid happen everi ndrf person inform,negatif
concern conduct pss activ ad yaman hatay malatya support earthquak affect children adult effort includ address stress loss improv children well,negatif
earthquak turkey real indian train crush real russia ukrain war arrang covid 19 origin unit state,positif
read stori possibl fatal quiescenc told spare strike prose wake februari disastr earthquak one wonder edg possess farsighted,negatif
132 613 number peopl impact earthquak wreak devast across southern northwest commun met food evacu medic care shelter critic suppli,negatif
earthquak creat small canyon instantli turkey year certainli stretch believ god could creat someth like grand canyon quickli use geolog catastroph,negatif
devast earthquak turkey took countless live gamer rais 800k displac applaus hasan piker use power good instead slay boss twitch,positif
earthquak activ left turkey regain lost popul,negatif